Season-Episode,title,air_date,youtube_src
S01E01,A Walk in the Woods, 1983-01-04,https://www.youtube.com/embed/oh5p5f5_-7A
S01E02,Mount McKinley,1983-01-11,https://www.youtube.com/embed/RInDWhYceLU
S01E03,Ebony Sunset,1983-01-18,https://www.youtube.com/embed/UOziR7PoVco
S01E04,Winter Mist,1983-01-25,https://www.youtube.com/embed/0pwoixRikn4
S01E05,Quiet Stream,1983-02-01,https://www.youtube.com/embed/DFSIQNjKRfk
S01E06,Winter Moon,1983-02-08,https://www.youtube.com/embed/loAzRUzx1wI
S01E07,Autumn Mountains,1983-02-15,https://www.youtube.com/embed/sDdpc8uisD0
S01E08,Peaceful Valley,1983-02-22,https://www.youtube.com/embed/kQlFwTOkYzg
S01E09,Seascape,1983-03-01,https://www.youtube.com/embed/QxcS7p1VHyQ
S01E10,Mountain Lake,1983-03-08,https://www.youtube.com/embed/wDnLlywAL5I
S01E11,Winter Glow,1983-03-15,https://www.youtube.com/embed/Q03YvknOVe0
S01E12,Snowfall,1983-03-22,https://www.youtube.com/embed/4E35-8x_y04
S01E13,Final Reflections,1983-03-29,https://www.youtube.com/embed/IEQWfszfRlA
S02E01,Meadow Lake,1983-08-31,https://www.youtube.com/embed/GARWowi0QXI
S02E02,Winter Sun,1983-09-07,https://www.youtube.com/embed/VPfYRj4DDco
S02E03,Ebony Sea,1983-09-14,https://www.youtube.com/embed/aOJsKNzO3i8
S02E04,Shades of Gray,1983-09-21,https://www.youtube.com/embed/I-ousb8-SD0
S02E05,Autumn Splendor,1983-09-28,https://www.youtube.com/embed/rTTWw5Gd79I
S02E06,Black River,1983-10-05,https://www.youtube.com/embed/6O4sfJd8G_M
S02E07,Brown Mountain,1983-10-12,https://www.youtube.com/embed/Vx6v47gHBWM
S02E08,Reflections,1983-10-19,https://www.youtube.com/embed/0FYfo94qefg
S02E09,Black & White Seascape,1983-10-26,https://www.youtube.com/embed/PMDyPrE0puo
S02E10,Lazy River,1983-11-02,https://www.youtube.com/embed/BW2wKKFvH1g
S02E11,Black Waterfall,1983-11-09,https://www.youtube.com/embed/GzSqjyQUPZQ
S02E12,Mountain Waterfall,1983-11-16,https://www.youtube.com/embed/9jIt95PCFAA
S02E13,Final Grace,1983-11-23,https://www.youtube.com/embed/miJ19Kz_i3Y
S03E01,Mountain Retreat,1984-01-04,https://www.youtube.com/embed/hoimk4s8JoQ
S03E02,Blue Moon,1984-01-11,https://www.youtube.com/embed/loit61vLUMc
S03E03,Bubbling Stream,1984-01-18,https://www.youtube.com/embed/fuFalEXVN0k
S03E04,Winter Night,1984-01-25,https://www.youtube.com/embed/8ysFkNYwhAE
S03E05,Distant Hills,1984-02-01,https://www.youtube.com/embed/8Zge88tVwjE
S03E06,Covered Bridge,1984-02-08,https://www.youtube.com/embed/OHSm8kLE7js
S03E07,Quiet Inlet,1984-02-15,https://www.youtube.com/embed/9N5IWKzYIyU
S03E08,Night Light,1984-02-22,https://www.youtube.com/embed/l141Y0x8om0
S03E09,The Old Mill,1984-03-01,https://www.youtube.com/embed/OFKFUJ9eDNs
S03E10,Campfire,1984-03-08,https://www.youtube.com/embed/L5bXkI0-pEg
S03E11,Rustic Barn,1984-03-15,https://www.youtube.com/embed/WJJwrnFhUUg
S03E12,Hidden Lake,1984-03-22,https://www.youtube.com/embed/P_DaqkFbnac
S03E13,Peaceful Waters,1984-03-29,https://www.youtube.com/embed/Z0vtjRLqXcQ
S04E01,Purple Splendor,1984-09-05,https://www.youtube.com/embed/hP4GfMgsNVE
S04E02,Tranquil Valley,1984-09-12,https://www.youtube.com/embed/PbchoOWWCZs
S04E03,Majestic Mountains,1984-09-19,https://www.youtube.com/embed/NcVeRlPu_5w
S04E04,Winter Sawscape,1984-09-26,https://www.youtube.com/embed/lmKAwKrONmE
S04E05,Evening Seascape,1984-10-03,https://www.youtube.com/embed/y5k4GXw_-yI
S04E06,Warm Summer Day,1984-10-10,https://www.youtube.com/embed/GBN9AIw3Ao4
S04E07,Cabin in the Woods,1984-10-17,https://www.youtube.com/embed/81QKellPA70
S04E08,Wetlands,1984-10-24,https://www.youtube.com/embed/2FpVyGanPwM
S04E09,Cool Waters,1984-10-31,https://www.youtube.com/embed/tJRvBcqQd5A
S04E10,Quiet Woods,1984-11-07,https://www.youtube.com/embed/wIZX57I4aDs
S04E11,Northwest Majesty,1984-11-14,https://www.youtube.com/embed/9DU6bunvD_g
S04E12,Autumn Days,1984-11-21,https://www.youtube.com/embed/VAdMkf-AAPM
S04E13,Mountain Challenge,1984-11-28,https://www.youtube.com/embed/o2cjLA_wgIk
S05E01,Mountain Waterfall,1985-01-02,https://www.youtube.com/embed/DqhzxdkdQS0
S05E02,Twilight Meadow,1985-01-09,https://www.youtube.com/embed/6evqNlOO7Bw
S05E03,Mountain Blossoms,1985-01-16,https://www.youtube.com/embed/UVhhStJAJZc
S05E04,Winter Stillness,1985-01-23,https://www.youtube.com/embed/qg9c1SqdRko
S05E05,Quiet Pond,1985-01-30,https://www.youtube.com/embed/aiK9xOIJtV8
S05E06,Ocean Sunrise,1985-02-06,https://www.youtube.com/embed/u0Bz6TNUK1Q
S05E07,Bubbling Brook,1985-02-13,https://www.youtube.com/embed/LiKCzeqn-kg
S05E08,Arizona Splendor,1985-02-20,https://www.youtube.com/embed/spFwCh2616s
S05E09,Anatomy of a Wave,1985-02-27,https://www.youtube.com/embed/DFQlu6eqrBo
S05E10,The Windmill,1985-03-06,https://www.youtube.com/embed/xj8xsTSkbUk
S05E11,Autumn Glory,1985-03-13,https://www.youtube.com/embed/yTzlm_t0RmY
S05E12,Indian Girl,1985-03-20,https://www.youtube.com/embed/2uXMx8Kjs8I
S05E13,Meadow Stream,1985-03-27,https://www.youtube.com/embed/87MMbN1bQCs
S06E01,Blue River,1985-05-01,https://www.youtube.com/embed/LygUyAb78oY
S06E02,Nature's Edge,1985-05-08,https://www.youtube.com/embed/Bcqyzo85A1o
S06E03,Morning Mist,1985-05-15,https://www.youtube.com/embed/wbZreRaE74k
S06E04,Whispering Stream,1985-05-22,https://www.youtube.com/embed/QglIjlqsUdU
S06E05,Secluded Forest,1985-05-29,https://www.youtube.com/embed/USkduOfwJok
S06E06,Snow Trail,1985-06-05,https://www.youtube.com/embed/n9EsFFtwZnE
S06E07,Arctic Beauty,1985-06-12,https://www.youtube.com/embed/UQ-RTZCOQn0
S06E08,Horizons West,1985-06-19,https://www.youtube.com/embed/m6UM-rN2D6s
S06E09,High Chateau,1985-06-26,https://www.youtube.com/embed/dafH8ks9Zww
S06E10,Country Life,1985-07-02,https://www.youtube.com/embed/j8Jf7QVKLgQ
S06E11,Western Expanse,1985-07-09,https://www.youtube.com/embed/MTInkV5ODjk
S06E12,Marshlands,1985-07-16,https://www.youtube.com/embed/Ugiwi8uizpg
S06E13,Blaze of Color,1985-07-23,https://www.youtube.com/embed/se7wOprxRGs
S07E01,Winter Cabin,1985-10-02,https://www.youtube.com/embed/kdlHV6ceI_gw
S07E02,Secluded Lake,1985-10-09,https://www.youtube.com/embed/2OxSJcFvpoU
S07E03,Evergreen at Sunset,1985-10-16,https://www.youtube.com/embed/YQPEy3hYGo8
S07E04,Mountain Cabin,1985-10-23,https://www.youtube.com/embed/E3IAMvO8GyM
S07E05,Portrait of Sally,1985-10-30,https://www.youtube.com/embed/MHJB0IBnuD4
S07E06,Misty Waterfall,1985-11-06,https://www.youtube.com/embed/530_cVmexiI
S07E07,Barn at Sunset,1985-11-13,https://www.youtube.com/embed/WT6n0K2zGnA
S07E08,Mountain Splendor,1985-11-20,https://www.youtube.com/embed/GhOGZMpPUSE
S07E09,Lake by Mountain,1985-11-27,https://www.youtube.com/embed/yAiYirlcq7o
S07E10,Mountain Glory,1985-12-06,https://www.youtube.com/embed/0M9pwLHRR2c
S07E11,Grey Winter,1985-12-13,https://www.youtube.com/embed/sS-hNYgDUak
S07E12,Dock Scene,1985-12-20,https://www.youtube.com/embed/4KYxkqlzyqM
S07E13,Dark Waterfall,1985-12-27,https://www.youtube.com/embed/VqMbL00eZqw
S08E01,Misty Rolling Hills,1986-01-02,https://www.youtube.com/embed/cC5ozePVKGI
S08E02,Lakeside Cabin,1986-01-09,https://www.youtube.com/embed/CP6_5cQVZvQ
S08E03,Warm Winter Day,1986-01-16,https://www.youtube.com/embed/mUJoNLWQ1yI
S08E04,Waterside Way,1986-01-23,https://www.youtube.com/embed/uj5FE70BcB0
S08E05,Hunter's Haven,1986-01-30,https://www.youtube.com/embed/Da4SPyh1ATM
S08E06,Bubbling Mountain Brook,1986-02-06,https://www.youtube.com/embed/U2_SKgM3f4A
S08E07,Winter Hideaway,1986-02-13,https://www.youtube.com/embed/19oz9XHZNzA
S08E08,Foot of the Mountain,1986-02-20,https://www.youtube.com/embed/cIUBUc_ITBc
S08E09,Majestic Pine,1986-02-27,https://www.youtube.com/embed/x5CoQj9zr-c
S08E10,Cactus at Sunset,1986-03-06,https://www.youtube.com/embed/XBqD3QhKU24
S08E11,Mountain Range,1986-03-13,https://www.youtube.com/embed/V_l6olF3yHI
S08E12,Lonely Retreat,1986-03-20,https://www.youtube.com/embed/qTDQt_PdlYc
S08E13,Northern Lights,1986-03-27,https://www.youtube.com/embed/vgbMONXc9Cs
S09E01,Winter Evergreens,1986-04-30,https://www.youtube.com/embed/O6L5YPt9CeU
S09E02,Surf's Up,1986-05-07,https://www.youtube.com/embed/ZKxFvyyOBPQ
S09E03,Red Sunset,1986-05-14,https://www.youtube.com/embed/e5JhYi_G-l0
S09E04,Meadow Road,1986-05-21,https://www.youtube.com/embed/u5VT_WGM0kg
S09E05,Winter Oval,1986-05-28,https://www.youtube.com/embed/pYWiLm_-sXw
S09E06,Secluded Beach,1986-06-04,https://www.youtube.com/embed/WGUcw_kFvzU
S09E07,Forest Hills,1986-06-11,https://www.youtube.com/embed/E3XW_Zp238U
S09E08,Little House by the Road,1986-06-18,https://www.youtube.com/embed/3CDg_9gL-5M
S09E09,Mountain Pass,1986-06-25,https://www.youtube.com/embed/e0VUprkc1n0
S09E10,Country Charm,1986-07-02,https://www.youtube.com/embed/9wp8NRzCJnw
S09E11,Nature's Paradise,1986-07-09,https://www.youtube.com/embed/7yU55PUls2c
S09E12,Mountain by the Sea,1986-07-16,https://www.youtube.com/embed/so--opB-yuQ
S09E13,Mountain Hideaway,1986-07-23,https://www.youtube.com/embed/q48EWPrbzVs
S10E01,Towering Peaks,1986-09-03,https://www.youtube.com/embed/1s58rW0_LN4
S10E02,Cabin at Sunset,1986-09-10,https://www.youtube.com/embed/a6Wil3OXNuI
S10E03,Twin Falls,1986-09-17,https://www.youtube.com/embed/cMwkY8ojRik
S10E04,Secluded Bridge,1986-09-24,https://www.youtube.com/embed/vrAMRxBB5KI
S10E05,Ocean Breeze,1986-10-01,https://www.youtube.com/embed/XZmdzfvXRuw
S10E06,Autumn Woods,1986-10-08,https://www.youtube.com/embed/vKyMU5Z8cDI
S10E07,Winter Solitude,1986-10-15,https://www.youtube.com/embed/ov4YaCQB9co
S10E08,Golden Sunset,1986-10-22,https://www.youtube.com/embed/CiNDyckERXQ
S10E09,Mountain Oval,1986-10-29,https://www.youtube.com/embed/Qj6lMtnCt8o
S10E10,Ocean Sunset,1986-11-05,https://www.youtube.com/embed/OJ_xqtvZf3o
S10E11,Triple View,1986-11-12,https://www.youtube.com/embed/zoTeyliLn5o
S10E12,Winter Frost,1986-11-19,https://www.youtube.com/embed/8satX-hLkuI
S10E13,Lakeside Cabin,1986-11-26,https://www.youtube.com/embed/1l_TsfCIb_I
S11E01,Mountain Stream,1986-12-31,https://www.youtube.com/embed/xdFCj6BzQio
S11E02,Country Cabin,1987-01-07,https://www.youtube.com/embed/Dkww2nHpuZw
S11E03,Daisy Delight,1987-01-14,https://www.youtube.com/embed/HuHC1RqtvDA
S11E04,Hidden Stream,1987-01-21,https://www.youtube.com/embed/JGzTg8fCj4w
S11E05,Towering Glacier,1987-01-28,https://www.youtube.com/embed/67vdGbA3Xkg
S11E06,Oval Barn,1987-02-04,https://www.youtube.com/embed/HqBhCibidNM
S11E07,Lakeside Path,1987-02-11,https://www.youtube.com/embed/1yjGoJokbZg
S11E08,Sunset Oval,1987-02-18,https://www.youtube.com/embed/9xG6IzcGotI
S11E09,Winter Barn,1987-02-25,https://www.youtube.com/embed/_xkn0ceDreo
S11E10,Sunset Over the Waves,1987-03-04,https://www.youtube.com/embed/c4b_B2F1eZg
S11E11,Golden Glow,1987-03-11,https://www.youtube.com/embed/aA8RhtaWACA
S11E12,Roadside Barn,1987-03-18,https://www.youtube.com/embed/vJpKhiXvXdA
S11E13,Happy Accident,1987-03-25,https://www.youtube.com/embed/Fw6odlNp7_8
S12E01,Golden Knoll,1987-04-29,https://www.youtube.com/embed/-O0Bs65eN5w
S12E02,Mountain Reflections,1987-05-06,https://www.youtube.com/embed/rzYpa4XGSnA
S12E03,Secluded Mountain,1987-05-13,https://www.youtube.com/embed/3PZabdohLso
S12E04,Bright Autumn Trees,1987-05-20,https://www.youtube.com/embed/aR-C3h5zURM
S12E05,Black Seascape,1987-05-27,https://www.youtube.com/embed/P_aCan4cBwc
S12E06,Steep Mountains,1987-06-03,https://www.youtube.com/embed/fRK8_ioYWw4
S12E07,Quiet Mountain River,1987-06-10,https://www.youtube.com/embed/Leiw-FtADZc
S12E08,Evening Waterfall,1987-06-17,https://www.youtube.com/embed/PutvF_P4588
S12E09,Tropical Seascape,1987-06-24,https://www.youtube.com/embed/RrBsbqO9aqI
S12E10,Mountain at Sunset,1987-07-01,https://www.youtube.com/embed/HCsCatvigtw
S12E11,Soft Mountain Glow,1987-07-08,https://www.youtube.com/embed/gOGJYHWjXgE
S12E12,Mountain in an Oval,1987-07-15,https://www.youtube.com/embed/1jRPshs27H8
S12E13,Winter Mountain,1987-07-22,https://www.youtube.com/embed/46vI20697HI
S13E01,Rolling Hills,1987-09-02,https://www.youtube.com/embed/H4GyGrT7lEQ
S13E02,Frozen Solitude,1987-09-09,https://www.youtube.com/embed/kNZssD9zWlw
S13E03,Meadow Brook,1987-09-16,https://www.youtube.com/embed/06W8GsWj2Yg
S13E04,Evening Sunset,1987-09-23,https://www.youtube.com/embed/7ZUQTXuDPaI
S13E05,Mountain View,1987-09-30,https://www.youtube.com/embed/dJfnAyDLwPY
S13E06,Hidden Creek,1987-10-07,https://www.youtube.com/embed/KmoRz01bm0Y
S13E07,Peaceful Haven,1987-10-14,https://www.youtube.com/embed/j20pZ96E_CE
S13E08,Mountain Exhibition,1987-10-21,https://www.youtube.com/embed/bgI3_1quJ18
S13E09,Emerald Waters,1987-10-28,https://www.youtube.com/embed/lLunPQBzW6g
S13E10,Mountain Summit,1987-11-04,https://www.youtube.com/embed/kasGRkfkiPM
S13E11,Cabin Hideaway,1987-11-11,https://www.youtube.com/embed/NjTlW2NL1Lo
S13E12,Oval Essence,1987-11-18,https://www.youtube.com/embed/q7WXF_BSEXw
S13E13,Lost Lake,1987-11-25,https://www.youtube.com/embed/9-ATP8xyDM0
S14E01,Distant Mountains,1987-12-30,https://www.youtube.com/embed/GpA9UM7QGag
S14E02,Meadow Brook Surprise,1988-01-06,https://www.youtube.com/embed/Ov5oIHTAa10
S14E03,Mountain Moonlight Oval,1988-01-13,https://www.youtube.com/embed/CigXQtT6BPM
S14E04,Snowy Solitude,1988-01-20,https://www.youtube.com/embed/1ZriQGhSFTM
S14E05,Mountain River,1988-01-27,https://www.youtube.com/embed/CnMLKAGi0yM
S14E06,Graceful Mountains,1988-02-03,https://www.youtube.com/embed/0uVe8T-vVVg
S14E07,Windy Waves,1988-02-10,https://www.youtube.com/embed/y6GVVjG4HMg
S14E08,On a Clear Day,1988-02-17,https://www.youtube.com/embed/e63Cgln6Yag
S14E09,Riverside Escape Oval,1988-02-24,https://www.youtube.com/embed/d83REwSGfGo
S14E10,Surprising Falls,1988-03-02,https://www.youtube.com/embed/QbclL1ca7_s
S14E11,Shadow Pond,1988-03-09,https://www.youtube.com/embed/BQWJ3kqonpA
S14E12,Misty Forest,1988-03-16,https://www.youtube.com/embed/ddU9vQvSpw8
S14E13,Natural Wonder,1988-03-23,https://www.youtube.com/embed/knOutsaiKfU
S15E01,Splendor of Winter,1988-04-27,https://www.youtube.com/embed/oJvk7gPDHiE
S15E02,Colors of Nature,1988-05-04,https://www.youtube.com/embed/Me9Ietooq4w
S15E03,Grandpa's Barn,1988-05-11,https://www.youtube.com/embed/IPPU49PyfEA
S15E04,Peaceful Reflections,1988-05-18,https://www.youtube.com/embed/gYuH4Ilqdhs
S15E05,Hidden Winter Moon Oval,1988-05-25,https://www.youtube.com/embed/yxAMOdl6RJE
S15E06,Waves of Wonder,1988-06-01,https://www.youtube.com/embed/tayQX_ng-Nc
S15E07,Cabin by the Pond,1988-06-08,https://www.youtube.com/embed/TyOO6WeP2AY
S15E08,Fall Stream,1988-06-15,https://www.youtube.com/embed/ZY0ofhdV_L0
S15E09,Christmas Eve Snow,1988-06-22,https://www.youtube.com/embed/cVqFG2pxK2A
S15E10,Forest Dawn Oval,1988-06-29,https://www.youtube.com/embed/COsJUfPN2dA
S15E11,Pathway to Autumn,1988-07-06,https://www.youtube.com/embed/Hg5RKc6xiL4
S15E12,Deep Forest Lake,1988-07-13,https://www.youtube.com/embed/2bjFmSQjQrw
S15E13,Peaks of Majesty,1988-07-20,https://www.youtube.com/embed/lTb8DN6G6dE
S16E01,Two Seasons,1988-08-17,https://www.youtube.com/embed/jwVz0uTLH1I
S16E02,Nestled Cabin,1988-08-24,https://www.youtube.com/embed/l_jN9KN257M
S16E03,Wintertime Discovery,1988-08-31,https://www.youtube.com/embed/uZyZW3tkCE0
S16E04,Mountain Mirage,1988-09-07,https://www.youtube.com/embed/jfCsew_mz7A
S16E05,Double Oval Fantasy,1988-09-14,https://www.youtube.com/embed/4jAsLpJzjHM
S16E06,Contemplative Lady,1988-09-21,https://www.youtube.com/embed/gnp6WE7Ql-s
S16E07,Deep Woods,1988-09-28,https://www.youtube.com/embed/rE5ZVs_YJfE
S16E08,High Tide,1988-10-05,https://www.youtube.com/embed/_IREQ4SIcX8
S16E09,Barn in Snow Oval,1988-10-12,https://www.youtube.com/embed/wJmi7-G9r-w
S16E10,That Time of Year,1988-10-19,https://www.youtube.com/embed/q5moLoqOkP0
S16E11,Waterfall Wonder,1988-10-26,https://www.youtube.com/embed/AGhXEPfp-W4
S16E12,Mighty Mountain Lake,1988-11-02,https://www.youtube.com/embed/4vXB2R8ybDE
S16E13,Wooded Stream Oval,1988-11-09,https://www.youtube.com/embed/-XA2h17y3HU
S17E01,Golden Mist Oval,1989-01-04,https://www.youtube.com/embed/lhpfaW0k6uM
S17E02,Old Place Home,1989-01-11,https://www.youtube.com/embed/EVQcDEiJh2o
S17E03,Soothing Vista,1989-01-18,https://www.youtube.com/embed/NqfRLiv0SZ0
S17E04,Stormy Seas,1989-01-25,https://www.youtube.com/embed/LE6agCR5iBw
S17E05,Country Time,1989-02-01,https://www.youtube.com/embed/e_bt9rQoGN0
S17E06,A Mild Winter's Day,1989-02-08,https://www.youtube.com/embed/BbYO579MmhA
S17E07,Spectacular Waterfall,1989-02-15,https://www.youtube.com/embed/nK-HebXL2uw
S17E08,View From the Park,1989-02-22,https://www.youtube.com/embed/Q4n90jsOUtY
S17E09,Lake View,1989-03-01,https://www.youtube.com/embed/07acfzBaoa0
S17E10,Old Country Mill,1989-03-08,https://www.youtube.com/embed/n8HlFCQACYA
S17E11,Morning Walk,1989-03-15,https://www.youtube.com/embed/pSvgNkQdR2Y
S17E12,Nature's Splendor,1989-03-22,https://www.youtube.com/embed/uCAtI2IwEwk
S17E13,Mountain Beauty,1989-03-29,https://www.youtube.com/embed/8P-YeoTmVrw
S18E01,Half Oval Vignette,1989-07-05,https://www.youtube.com/embed/uY3fIry2tOE
S18E02,Absolutely Autumn,1989-07-12,https://www.youtube.com/embed/PGPVpil2UmE
S18E03,Mountain Seclusion,1989-07-19,https://www.youtube.com/embed/EBZKuVbRY54
S18E04,Crimson Oval,1989-07-26,https://www.youtube.com/embed/R7Y3izMFPbM
S18E05,Autumn Exhibition,1989-08-02,https://www.youtube.com/embed/6afHY2d9Lv8
S18E06,Majestic Peaks,1989-08-09,https://www.youtube.com/embed/lilbzLCNnDo
S18E07,Golden Morning Mist,1989-08-16,https://www.youtube.com/embed/rCHXqj4DHlM
S18E08,Winter Lace,1989-08-23,https://www.youtube.com/embed/WJF_qoQRPck
S18E09,Seascape Fantasy,1989-08-30,https://www.youtube.com/embed/sBBBilrDuSw
S18E10,Double Oval Stream,1989-09-06,https://www.youtube.com/embed/rRjnHdr9DmU
S18E11,Enchanted Forest,1989-09-13,https://www.youtube.com/embed/ikR7UT9mVBw
S18E12,Southwest Serenity,1989-09-20,https://www.youtube.com/embed/EVfPPJ5FUmA
S18E13,Rippling Waters,1989-09-27,https://www.youtube.com/embed/XvnJBynSiT0
S19E01,Snowfall Magic,1990-01-03,https://www.youtube.com/embed/1enWTsRi16o
S19E02,Quiet Mountain Lake,1990-01-10,https://www.youtube.com/embed/2gq2V6dCt2I
S19E03,Final Embers of Sunlight,1990-01-17,https://www.youtube.com/embed/IeFbdk36MUU
S19E04,Snowy Morn,1990-01-24,https://www.youtube.com/embed/iB1TDWlo0kk
S19E05,Camper's Haven,1990-01-31,https://www.youtube.com/embed/C34WAUgkAT0
S19E06,Waterfall in the Woods,1990-02-07,https://www.youtube.com/embed/uBRKVa7sy1Q
S19E07,Covered Bridge Oval,1990-02-14,https://www.youtube.com/embed/F4iPbH1OHsQ
S19E08,Scenic Seclusion,1990-02-21,https://www.youtube.com/embed/d50HkqB9JEM
S19E09,Ebb Tide,1990-02-28,https://www.youtube.com/embed/mFOna_LN7Ys
S19E10,After the Rain,1990-03-07,https://www.youtube.com/embed/Wj-3ct7RvAI
S19E11,Winter Elegance,1990-03-14,https://www.youtube.com/embed/JjBZzKp_u5E
S19E12,Evening's Peace,1990-03-21,https://www.youtube.com/embed/uEUMVwc4o5U
S19E13,Valley of Tranquility,1990-03-28,https://www.youtube.com/embed/FnY7jDY5PsE
S20E01,Mystic Mountain,1990-04-04,https://www.youtube.com/embed/VlucWfTUo1A
S20E02,New Day's Dawn,1990-04-11,https://www.youtube.com/embed/vbPdQ0w8ylg
S20E03,Pastel Winter,1990-04-18,https://www.youtube.com/embed/kbnXZRNMouM
S20E04,Hazy Day,1990-04-25,https://www.youtube.com/embed/5U3G61r35Mc
S20E05,Divine Elegance,1990-05-02,https://www.youtube.com/embed/mb-Gwx1S5Gs
S20E06,Cliffside,1990-05-09,https://www.youtube.com/embed/p6Uy2qOLvGk
S20E07,Autumn Fantasy,1990-05-16,https://www.youtube.com/embed/FozIp7Va7dY
S20E08,Old Oak Tree,1990-05-23,https://www.youtube.com/embed/dN4HjAn8p5U
S20E09,Winter Paradise,1990-05-30,https://www.youtube.com/embed/DY1aBv8Z1SQ
S20E10,Days Gone By,1990-06-06,https://www.youtube.com/embed/DmYhNHVIdMI
S20E11,Change of Seasons,1990-06-13,https://www.youtube.com/embed/QbgPu5f2Vf8
S20E12,Hidden Delight,1990-06-20,https://www.youtube.com/embed/ZyPNzDaaDt8
S20E13,Double Take,1990-06-27,https://www.youtube.com/embed/ppzFgG2K2k4
S21E01,Valley View,1990-09-05,https://www.youtube.com/embed/pw5ETGiiBRg
S21E02,Tranquil Dawn,1990-09-12,https://www.youtube.com/embed/4abDq6Q-mlM
S21E03,Royal Majesty,1990-09-19,https://www.youtube.com/embed/ubUXBqE6t0U
S21E04,Serenity,1990-09-26,https://www.youtube.com/embed/crqmO3qDdco
S21E05,Cabin at Trial's End,1990-10-03,https://www.youtube.com/embed/GLkLO4KqTRs
S21E06,Mountain Rhapsody,1990-10-10,https://www.youtube.com/embed/H4VsmKU5T7g
S21E07,Wilderness Cabin,1990-10-17,https://www.youtube.com/embed/GWehiacnd1E
S21E08,By the Sea,1990-10-24,https://www.youtube.com/embed/8tHHBTK6wwc
S21E09,Indian Summer,1990-10-31,https://www.youtube.com/embed/pfWV8NkotvU
S21E10,Blue Winter,1990-11-07,https://www.youtube.com/embed/liR0gS0sZY0
S21E11,Desert Glow,1990-11-14,https://www.youtube.com/embed/QyncJfL_HmU
S21E12,Lone Mountain,1990-11-21,https://www.youtube.com/embed/NJbzIftLLmU
S21E13,Florida's Glory,1990-11-28,https://www.youtube.com/embed/HQC5sPN9Xhc
S22E01,Autumn Images,1991-01-01,https://www.youtube.com/embed/HMx34Am6RFg
S22E02,Hint of Springtime,1991-01-08,https://www.youtube.com/embed/C-OSaHvt8ms
S22E03,Around the Bend,1991-01-15,https://www.youtube.com/embed/Kl5X3icOVvw
S22E04,Countryside Oval,1991-01-22,https://www.youtube.com/embed/hdNH5axK4u0
S22E05,Russet Winter,1991-01-29,https://www.youtube.com/embed/aE4nID1p-t0
S22E06,Purple Haze,1991-02-05,https://www.youtube.com/embed/ZoJ2tcXWb7g
S22E07,Dimensions,1991-02-12,https://www.youtube.com/embed/JUuP75RVZDI
S22E08,Deep Wilderness Home,1991-02-19,https://www.youtube.com/embed/uZWNvDFfbUk
S22E09,Haven in the Valley,1991-02-26,https://www.youtube.com/embed/Qccgam514ds
S22E10,Wintertime Blues,1991-03-05,https://www.youtube.com/embed/dbMJVM4iL2Q
S22E11,Pastel Seascape,1991-03-12,https://www.youtube.com/embed/K4aud_SpFDQ
S22E12,Country Creek,1991-03-19,https://www.youtube.com/embed/JDa6JPcqy88
S22E13,Silent Forest,1991-03-26,https://www.youtube.com/embed/AE1GKcL3NuI
S23E01,Frosty Winter Morn,1991-09-03,https://www.youtube.com/embed/1-9_enMBquw
S23E02,Forest Edge,1991-09-10,https://www.youtube.com/embed/puGk2iFvvp0
S23E03,Mountain Ridge Lake,1991-09-17,https://www.youtube.com/embed/Hq-z06i6HCs
S23E04,Reflections of Gold,1991-09-24,https://www.youtube.com/embed/8f9CCnqJ_1Y
S23E05,Quiet Cove,1991-10-01,https://www.youtube.com/embed/cR9hTbSomx4
S23E06,River's Peace,1991-10-08,https://www.youtube.com/embed/flCWS9LB4Ks
S23E07,At Dawn's Light,1991-10-15,https://www.youtube.com/embed/HFdTxqEznIk
S23E08,Valley Waterfall,1991-10-22,https://www.youtube.com/embed/VYcsYzzRae4
S23E09,Toward Day's End,1991-10-29,https://www.youtube.com/embed/cFi_fJl40BA
S23E10,Falls in the Glen,1991-11-05,https://www.youtube.com/embed/txAtX-VyVNc
S23E11,Frozen Beauty in Vignette,1991-11-12,https://www.youtube.com/embed/H15kV1wbDG4
S23E12,Crimson Tide,1991-11-19,https://www.youtube.com/embed/Y7SDU4i6Fco
S23E13,Winter Bliss,1991-11-26,https://www.youtube.com/embed/yInYwy6AsDQ
S24E01,Grey Mountain,1992-01-07,https://www.youtube.com/embed/4XxClvPZ1RE
S24E02,Wayside Pond,1992-01-14,https://www.youtube.com/embed/FPW2FwK4IOo
S24E03,Teton Winter,1992-01-21,https://www.youtube.com/embed/I4h6TC4CPJY
S24E04,Little Home in the Meadow,1992-01-28,https://www.youtube.com/embed/nU1zV93N-kI
S24E05,Pretty Autumn Day,1992-02-04,https://www.youtube.com/embed/HWedDS3p7XI
S24E06,Mirrored Images,1992-02-11,https://www.youtube.com/embed/i29frkR1T98
S24E07,Back-Country Path,1992-02-18,https://www.youtube.com/embed/2iNMoQB1Pe8
S24E08,Graceful Waterfall,1992-02-25,https://www.youtube.com/embed/fBh1nA4pMDY
S24E09,Icy Lake,1992-03-03,https://www.youtube.com/embed/AmBDmgta3l4
S24E10,Rowboat on the Beach,1992-03-10,https://www.youtube.com/embed/hfvhXOvg43w
S24E11,Portrait of Winter,1992-03-17,https://www.youtube.com/embed/JLnIUGOupOA
S24E12,Footbridge,1992-03-24,https://www.youtube.com/embed/RqtDliGeyTg
S24E13,Snowbound Cabin,1992-03-31,https://www.youtube.com/embed/obSLZWXmDak
S25E01,Hide-a-Way Cove,1992-08-25,https://www.youtube.com/embed/l_HqMYquc08
S25E02,Enchanted Falls Oval,1992-09-01,https://www.youtube.com/embed/HklPkQ0lSKA
S25E03,Not Quite Spring,1992-09-08,https://www.youtube.com/embed/N_u6x7LeyTM
S25E04,Splashes of Autumn,1992-09-15,https://www.youtube.com/embed/YcbaMqq_X8s
S25E05,Summer in the Mountains,1992-09-22,https://www.youtube.com/embed/gmCXgS38NDc
S25E06,Oriental Falls,1992-09-29,https://www.youtube.com/embed/v8Znj8bbmCQ
S25E07,Autumn Palette,1992-10-06,https://www.youtube.com/embed/HWrvW-NgaOY
S25E08,Cypress Swamp,1992-10-13,https://www.youtube.com/embed/FdIUHudQABI
S25E09,Downstream View,1992-10-20,https://www.youtube.com/embed/KsDPg5HZYNw
S25E10,Just Before the Storm,1992-10-27,https://www.youtube.com/embed/Rh-jKrMrmOA
S25E11,Fisherman's Paradise,1992-11-03,https://www.youtube.com/embed/uJLK85uU5mA
S25E12,Desert Hues,1992-11-10,https://www.youtube.com/embed/UUNNXGVNTuI
S25E13,The Property Line,1992-11-17,https://www.youtube.com/embed/ivesI3rU7dU
S26E01,In the Stillness of Morning,1992-12-01,https://www.youtube.com/embed/5rfGa1_iJpw
S26E02,Delightful Meadow Home,1992-12-08,https://www.youtube.com/embed/tWoInh2USOs
S26E03,First Snow,1992-12-15,https://www.youtube.com/embed/raAkJKeo0Sk
S26E04,Lake in the Valley,1992-12-22,https://www.youtube.com/embed/KvJmSrErm20
S26E05,A Trace of Spring,1992-12-29,https://www.youtube.com/embed/JMPwj3u4ZTA
S26E06,An Arctic Winter Day,1993-01-05,https://www.youtube.com/embed/9BHWlbjd95c
S26E07,Snow Birch,1993-01-12,https://www.youtube.com/embed/wKeemvioVrM
S26E08,Early Autumn,1993-01-19,https://www.youtube.com/embed/SLQXlFLoqQc
S26E09,Tranquil Wooded Stream,1993-01-26,https://www.youtube.com/embed/lSeRrm5ZK9c
S26E10,Purple Mountain Range,1993-02-02,https://www.youtube.com/embed/nkDA_R-XmqA
S26E11,Storm's a Comin',1993-02-09,https://www.youtube.com/embed/EHD9u-lo2wc
S26E12,Sunset Aglow,1993-02-16,https://www.youtube.com/embed/gMEZp47VKC0
S26E13,Evening at the Falls,1993-02-23,https://www.youtube.com/embed/RulXVcpgpqw
S27E01,Twilight Beauty,1993-03-02,https://www.youtube.com/embed/0mJqzzeWyXs
S27E02,Angler's Haven,1993-03-09,https://www.youtube.com/embed/XlwfcXZ0AIU
S27E03,Rustic Winter Woods,1993-03-16,https://www.youtube.com/embed/3q8Zi9480lw
S27E04,Wilderness Falls,1993-03-23,https://www.youtube.com/embed/gxd0MPX8c6I
S27E05,Winter at the Farm,1993-03-30,https://www.youtube.com/embed/LeIVNKnWz7o
S27E06,Daisies at Dawn,1993-04-06,https://www.youtube.com/embed/_kkZcIgocBM
S27E07,A Spectacular View,1993-04-13,https://www.youtube.com/embed/7R9HcaDT9P4
S27E08,Daybreak,1993-04-20,https://www.youtube.com/embed/crWDcTvDmec
S27E09,Island Paradise,1993-04-27,https://www.youtube.com/embed/Cg3XAVhAas0
S27E10,Sunlight in the Shadows,1993-05-04,https://www.youtube.com/embed/xgjQ0v2d9mE
S27E11,Splendor of a Snowy Winter,1993-05-11,https://www.youtube.com/embed/JdXCoxkOdwQ
S27E12,Forest River,1993-05-18,https://www.youtube.com/embed/wrbGlR22K0Q
S27E13,Golden Glow of Morning,1993-05-20,https://www.youtube.com/embed/qXElmiqzcI0
S28E01,Fisherman's Trail,1993-05-25,https://www.youtube.com/embed/VnZEpic2UzU
S28E02,A Warm Winter,1993-06-01,https://www.youtube.com/embed/_TTdw3YnXuo
S28E03,Under Pastel Skies,1993-06-08,https://www.youtube.com/embed/lzODyJS2ZIg
S28E04,Golden Rays of Sunlight,1993-06-15,https://www.youtube.com/embed/zxj3xLDNxo0
S28E05,The Magic of Fall,1993-06-22,https://www.youtube.com/embed/bSm3fmEyJ20
S28E06,Glacier Lake,1993-06-29,https://www.youtube.com/embed/TohG7F8M3Ls
S28E07,The Old Weathered Barn,1993-07-06,https://www.youtube.com/embed/NYUIIBFj0iQ
S28E08,Deep Forest Falls,1993-07-13,https://www.youtube.com/embed/urHQRbRNuYI
S28E09,Winter's Grace,1993-07-20,https://www.youtube.com/embed/mxJ2On9wyvY
S28E10,Splendor of Autumn,1993-07-27,https://www.youtube.com/embed/hEyR2FDp-00
S28E11,Tranquil Seas,1993-08-03,https://www.youtube.com/embed/kN1DP_yqs-A
S28E12,Mountain Serenity,1993-08-10,https://www.youtube.com/embed/wc_YVijYjT4
S28E13,Home Before Nightfall,1993-08-17,https://www.youtube.com/embed/22SiIDvyJeM
S29E01,Island in the Wilderness,1993-08-24,https://www.youtube.com/embed/lLWEXRAnQd0
S29E02,Autumn Oval,1993-08-31,https://www.youtube.com/embed/2XnIdinwot0
S29E03,Seasonal Progression,1993-09-07,https://www.youtube.com/embed/T2G5waMfQ-g
S29E04,Light at the Summit,1993-09-14,https://www.youtube.com/embed/HOdS-G8p1KE
S29E05,Countryside Barn,1993-09-21,https://www.youtube.com/embed/G7Etn7QMeO4
S29E06,Mountain Lake Falls,1993-09-28,https://www.youtube.com/embed/dNEp3hoHSDI
S29E07,Cypress Creek,1993-10-05,https://www.youtube.com/embed/Tnb2cXKKuWM
S29E08,Trapper's Cabin,1993-10-12,https://www.youtube.com/embed/chhCkmp0RG8
S29E09,Storm on the Horizon,1993-10-19,https://www.youtube.com/embed/pA_2paUhBAQ
S29E10,Pot O' Posies,1993-10-26,https://www.youtube.com/embed/2zv_S_uVoVQ
S29E11,A Perfect Winter Day,1993-11-02,https://www.youtube.com/embed/Io4fwhacpEs
S29E12,Aurora's Dance,1993-11-09,https://www.youtube.com/embed/iRMsb9Vf7GM
S29E13,Woodsman's Retreat,1993-11-16,https://www.youtube.com/embed/ODrV0dfQcNs
S30E01,Babbling Brook,1993-11-23,https://www.youtube.com/embed/ZHUdS0wEaKk
S30E02,Woodgrain View,1993-11-30,https://www.youtube.com/embed/fcx1yUuSf3o
S30E03,Winter's Peace,1993-12-07,https://www.youtube.com/embed/Xzv3iiWi1Wo
S30E04,Wilderness Trail,1993-12-14,https://www.youtube.com/embed/vGsW_6BCukU
S30E05,A Copper Winter,1993-12-21,https://www.youtube.com/embed/BSjee-ond7w
S30E06,Misty Foothills,1993-12-28,https://www.youtube.com/embed/LEz4UVL7POE
S30E07,Through the Window,1994-01-04,https://www.youtube.com/embed/SrN4A9rVXj0
S30E08,Home in the Valley,1994-01-11,https://www.youtube.com/embed/enutOy-nsZk
S30E09,Mountains of Grace,1994-01-18,https://www.youtube.com/embed/nXlu_Q0sR7c
S30E10,Seaside Harmony,1994-01-25,https://www.youtube.com/embed/CY6sGFs209E
S30E11,A Cold Spring Day,1994-02-01,https://www.youtube.com/embed/jq8bIbpW7DQ
S30E12,Evening's Glow,1994-02-08,https://www.youtube.com/embed/eTEKGOi6SVg
S30E13,Blue Ridge Falls,1994-02-15,https://www.youtube.com/embed/fz0YjqtHW84
S31E01,Reflections of Calm,1994-02-22,https://www.youtube.com/embed/kJFB6rH3z2A
S31E02,Before the Snowfall,1994-03-01,https://www.youtube.com/embed/_MdMhQIOL1Y
S31E03,Winding Stream,1994-03-08,https://www.youtube.com/embed/QDwd4pMYyuo
S31E04,Tranquility Cove,1994-03-15,https://www.youtube.com/embed/7t6ue0pEcNE
S31E05,Cabin in the Hollow,1994-03-22,https://www.youtube.com/embed/KYlM2zJnNWY
S31E06,View From Clear Creek,1994-03-29,https://www.youtube.com/embed/TLX1bmS8wBE
S31E07,Bridge to Autumn,1994-04-05,https://www.youtube.com/embed/ReENCTH7MYI
S31E08,Trail's End,1994-04-12,https://www.youtube.com/embed/XWQrP-WiLgc
S31E09,Evergreen Valley,1994-04-19,https://www.youtube.com/embed/mEU0stNfkxI
S31E10,Balmy Beach,1994-04-26,https://www.youtube.com/embed/kMgd6r6c4vE
S31E11,Lake at the Ridge,1994-05-03,https://www.youtube.com/embed/8QWvzEQ69Kw
S31E12,In the Midst of Winter,1994-05-10,https://www.youtube.com/embed/qx2IsmrCs3c
S31E13,Wilderness Day,1994-05-17,https://www.youtube.com/watch?v=nJGCVFn57U8&list=PLAEQD0ULngi5PAjhOL-GfvbcQDn2Hujoj&index=13&ab_channel=BobRoss
